{
	"CalibInfo":	{
		"module":	"Stitch",
		"inputType":	1,
		"imgWidth":	4208,
		"imgHeight":	3120,
		"imgDepthList":	"5500,5500,",
		"rotateAngleList":	"0,0,",
		"camNum":	2,
		"camIDList":	"0,1,",
		"camPairNum":	1,
		"camPairIDlist_0":	"0,",
		"camPairIDlist_1":	"1,",
		"camOffxList":	"0,0,",
		"camOffyList":	"0,0,",
		"imgEdgeTopList":	"0,0,",
		"imgEdgeBottomList":	"0,0,",
		"imgEdgeLeftList":	"0,0,",
		"imgEdgeRightList":	"0,0,",
		"mapProjType":	2,
		"mapCropType":	3,
		"optimalFocal":	3516.2275
	},
	"blend":	{
		"layerNum":	"2,",
		"layerEnable_0":	{
			"[0,0]":	1,
			"[1,0]":	0,
			"[2,0]":	0,
			"[3,0]":	0,
			"[4,0]":	0,
			"[5,0]":	1
		},
		"layerWidthPercent_0":	{
			"[0,0]":	0.8125,
			"[1,0]":	1.625,
			"[2,0]":	3.25,
			"[3,0]":	6.5,
			"[4,0]":	13,
			"[5,0]":	26
		},
		"seamFunnel":	1,
		"debug":	0,
		"autoCalcSeam":	1,
		"seam_path":	"20221017-plc"
	},
	"intrinsic":	{
		"K_0":	{
			"[0,0]":	3615.2001,
			"[0,1]":	0,
			"[0,2]":	2064.8978,
			"[1,0]":	0,
			"[1,1]":	3617.9119,
			"[1,2]":	1558.9892,
			"[2,0]":	0,
			"[2,1]":	0,
			"[2,2]":	1
		},
		"D_0":	{
			"[0,0]":	16.071339,
			"[0,1]":	0.15522549,
			"[0,2]":	0,
			"[0,3]":	0,
			"[0,4]":	-1.209356,
			"[0,5]":	15.659809,
			"[0,6]":	0,
			"[0,7]":	0,
			"[0,8]":	0,
			"[0,9]":	0,
			"[0,10]":	0,
			"[0,11]":	0,
			"[0,12]":	0,
			"[0,13]":	0
		},
		"P_0":	{
			"[0,0]":	3650.1589,
			"[0,1]":	0,
			"[0,2]":	2063.2577,
			"[1,0]":	0,
			"[1,1]":	3650.1599,
			"[1,2]":	1558.9649,
			"[2,0]":	0,
			"[2,1]":	0,
			"[2,2]":	1
		},
		"K_1":	{
			"[0,0]":	3603.9514,
			"[0,1]":	0,
			"[0,2]":	2059.203,
			"[1,0]":	0,
			"[1,1]":	3607.6149,
			"[1,2]":	1543.9599,
			"[2,0]":	0,
			"[2,1]":	0,
			"[2,2]":	1
		},
		"D_1":	{
			"[0,0]":	20.132279,
			"[0,1]":	0.28961171,
			"[0,2]":	0,
			"[0,3]":	0,
			"[0,4]":	-1.6800491,
			"[0,5]":	19.64742,
			"[0,6]":	0,
			"[0,7]":	0,
			"[0,8]":	0,
			"[0,9]":	0,
			"[0,10]":	0,
			"[0,11]":	0,
			"[0,12]":	0,
			"[0,13]":	0
		},
		"P_1":	{
			"[0,0]":	3633.2732,
			"[0,1]":	0,
			"[0,2]":	2057.0671,
			"[1,0]":	0,
			"[1,1]":	3634.3589,
			"[1,2]":	1543.5245,
			"[2,0]":	0,
			"[2,1]":	0,
			"[2,2]":	1
		}
	},
	"extrinsic":	{
		"R_0":	{
			"[0,0]":	0.88750909,
			"[0,1]":	0.0033115192,
			"[0,2]":	-0.46077831,
			"[1,0]":	-3.469447e-18,
			"[1,1]":	0.99997418,
			"[1,2]":	0.0071866093,
			"[2,0]":	0.46079021,
			"[2,1]":	-0.0063781811,
			"[2,2]":	0.88748617
		},
		"T_0":	{
			"[0,0]":	3.725659,
			"[1,0]":	0.40756831,
			"[2,0]":	-6.2787167
		},
		"R_1":	{
			"[0,0]":	0.8874177,
			"[0,1]":	-0.013159343,
			"[0,2]":	0.46077831,
			"[1,0]":	-5.7286885e-18,
			"[1,1]":	0.99959244,
			"[1,2]":	0.028547306,
			"[2,0]":	-0.46096618,
			"[2,1]":	-0.025333385,
			"[2,2]":	0.88705603
		},
		"T_1":	{
			"[0,0]":	-3.725659,
			"[1,0]":	-0.40756831,
			"[2,0]":	6.2787167
		}
	},
	"DPU":	{
		"edge_width":	5,
		"edge_height":	4,
		"tile_width":	150,
		"tile_StepX":	128,
		"min_d":	6,
		"num_d":	128
	},
	"mapgen":	{
		"scaleWidth":	-1,
		"scaleHeight":	-1,
		"in_seq_mode":	0,
		"out_seq_mode":	1,
		"src_mode":	0,
		"hw_mode":	3,
		"seprate_bin_mode":	1,
		"camRotation":	"0,0,",
		"outputPath":	"20221017-plc",
		"gridSize":	16,
		"VerticalNum":	0,
		"preCropType":	0,
		"ovp_capacity":	3538944,
		"ovp_max_width":	-1,
		"updateBinMode":	0,
		"autoCalcMode":	1,
		"FOVX":	17973,
		"FOVY":	9000,
		"prjCenterX":	0,
		"prjCentery":	0,
		"yaw":	0,
		"pitch":	0,
		"roll":	0
	}
}